ID,Filled_Template
0,assistant: Hey! What can I do for you?
0,user: Looking for stuff to do in TX.
0,assistant: TX is huge! What kind of experiences excite you?
0,user: Maybe Historical things?
0,assistant: Got it. Any particular cities catching your eye in TX?
0,user: Houston and Austin sound good.
0,assistant: Perfect choices. Both have fascinating Historical spots. Want me to dive into specifics?
0,"user: Yeah, go ahead."
1,assistant: Good afternoon! How might I assist with your travel planning today?
1,user: I need Cultural and Art attractions somewhere interesting.
1,"assistant: Wonderful combination. Do you have a destination in mind, or would you like suggestions?"
1,user: Thinking CA maybe?
1,assistant: California offers incredible variety. Are you considering any specific regions or cities?
1,user: San Francisco and Oakland would work.
1,assistant: Excellent picks for Cultural and Art scenes. Let me share what those areas offer.
1,user: Sounds great.
2,assistant: Hi there! Planning something fun?
2,"user: Yeah, want Scenic spots in Colorado."
2,assistant: Colorado's got amazing views. Which part are you heading to?
2,user: Not decided yet.
2,"assistant: No worries. Denver, Boulder, and Colorado Springs all have different Scenic attractions. Any preferences?"
2,user: Denver works for me.
3,assistant: Hello! What brings you in today?
3,user: I'm visiting Seattle next month.
3,assistant: Nice! What type of attractions interest you?
3,"user: Culinary definitely, maybe Touristy too."
3,assistant: Seattle excels at both. Are you sticking to downtown or exploring neighborhoods?
3,user: What neighborhoods do you recommend?
3,assistant: Capitol Hill and Ballard have fantastic Culinary scenes. Want details on those?
3,user: Yes please.
4,assistant: Welcome! How can I help?
4,user: Need Sporting attractions in FL.
4,assistant: Florida's sports scene is massive. Which cities are you considering?
4,user: Miami for sure.
4,assistant: Miami's perfect for Sporting events. Any specific neighborhoods or the whole city?
4,user: Just give me Miami overall.
5,assistant: Greetings! What adventure are we planning?
5,user: Something Guided in New York.
5,assistant: NYC has endless Guided experiences. Which borough interests you?
5,user: Manhattan and Brooklyn both.
5,assistant: Fantastic! Those have the most variety. Should I focus on specific neighborhoods within those?
5,"user: Nah, just general stuff for now."
5,assistant: Understood. Let me outline the Guided options across Manhattan and Brooklyn.
5,user: Cool.
6,assistant: Hi! Looking for recommendations?
6,"user: Yes, Historical attractions please."
6,assistant: Great! Where are you hoping to visit?
6,user: Somewhere in PA.
6,assistant: Pennsylvania has rich history. Philadelphia and Pittsburgh are particularly strong. Which appeals to you?
6,user: Philadelphia sounds better.
6,"assistant: Excellent choice. Any specific neighborhoods in Philadelphia, or city-wide?"
6,user: What's Center City like?
7,assistant: Hey! What's on your mind?
7,user: Art stuff in Chicago.
7,assistant: Chicago's art scene is world-class. What areas are you exploring?
7,user: I don't know the city well.
7,"assistant: No problem! The Loop has major museums, while neighborhoods like Wicker Park offer galleries and street art. Interested in both?"
7,"user: Yeah, show me both."
8,assistant: Good day! How may I be of service?
8,user: I want Scenic and Cultural attractions.
8,assistant: Lovely pairing. Which state or region are you considering?
8,user: Washington state.
8,assistant: Wonderful choice. Seattle and Spokane offer different experiences. Any preference?
8,user: Tell me about Seattle.
8,assistant: Seattle has incredible Scenic and Cultural spots. Interested in specific neighborhoods like Pioneer Square or Fremont?
8,user: Pioneer Square sounds interesting.
9,assistant: Hello! Ready to explore?
9,user: Need Touristy things in Las Vegas.
9,"assistant: Vegas is touristy heaven! The Strip, or are you interested in other areas?"
9,user: Mainly the Strip I guess.
9,assistant: Makes sense. That's where most action happens. Want me to list top Touristy attractions there?
9,user: Sure thing.
10,assistant: Hi there! What can I help you find?
10,user: Culinary experiences in GA.
10,"assistant: Georgia has amazing food culture. Atlanta, Savannah, or somewhere else?"
10,user: What does Savannah offer?
10,"assistant: Savannah's Culinary scene is fantastic, especially in the Historic District. Interested in that area?"
10,"user: Yeah, that works."
11,assistant: Hey! Planning a trip?
11,user: Looking for Social attractions in multiple cities.
11,assistant: Interesting! Which state or region?
11,user: Texas.
11,assistant: Texas has variety. Which cities did you have in mind?
11,user: Dallas and San Antonio.
11,assistant: Great picks for Social scenes. Want neighborhood breakdowns or city-level overview?
11,user: City-level is fine.
12,assistant: Good morning! What adventure awaits?
12,user: Need something in AZ.
12,assistant: Arizona's great! What type of attractions?
12,user: Guided tours probably.
12,"assistant: Perfect. Phoenix, Tucson, or elsewhere?"
12,user: Phoenix.
12,assistant: Phoenix has excellent Guided options. Specific neighborhoods like Roosevelt Row?
12,user: What's Roosevelt Row about?
13,assistant: Welcome! How can I assist?
13,user: Historical and Scenic places in Massachusetts.
13,"assistant: Wonderful combination! Boston, or other cities too?"
13,user: Boston mainly.
13,assistant: Boston's rich in both. Neighborhoods like Beacon Hill and North End are prime. Interested?
13,user: Tell me about both.
14,assistant: Hi! What are you searching for?
14,user: Art galleries and stuff in OR.
14,assistant: Oregon has a vibrant art scene. Portland?
14,user: Yeah Portland.
14,assistant: Portland's great for Art. Pearl District and Alberta Arts District are standouts. Want to hear about them?
14,user: Alberta Arts District please.
15,assistant: Hello! What brings you here?
15,user: I want Culinary and Cultural spots.
15,assistant: Nice pairing! Location?
15,user: Somewhere in California.
15,"assistant: CA has tons. LA, SF, or other cities?"
15,user: San Diego works.
15,assistant: San Diego's fantastic. Specific neighborhoods like Gaslamp Quarter or Little Italy?
15,user: Both sound good.
16,assistant: Hey there! Need recommendations?
16,user: Sporting events in OH.
16,"assistant: Ohio's sports-crazy. Cleveland, Columbus, or Cincinnati?"
16,user: Cleveland and Columbus.
16,assistant: Both have great Sporting scenes. City-wide info or specific neighborhoods?
16,user: City-wide please.
17,assistant: Greetings! What can I do for you?
17,user: Show me Touristy attractions in TN.
17,"assistant: Tennessee's got options. Nashville, Memphis, or both?"
17,"user: Nashville for sure, maybe Memphis."
17,assistant: Nashville's very touristy. Want downtown or other areas too?
17,user: Downtown Nashville.
17,assistant: Perfect. Downtown's packed with Touristy spots. Let me detail them.
17,user: Go for it.
18,assistant: Good afternoon! How can I help?
18,user: Cultural stuff in NC.
18,"assistant: North Carolina has rich culture. Charlotte, Raleigh, or elsewhere?"
18,user: What about Durham?
18,assistant: Durham's got a growing Cultural scene! Interested in specific neighborhoods or city-wide?
18,user: City-wide works.
19,assistant: Hi! What's your plan?
19,user: Scenic views in UT.
19,assistant: Utah's incredibly scenic. Salt Lake City or other areas?
19,user: Salt Lake City.
19,assistant: Great choice. Neighborhoods like The Avenues or Sugar House have different Scenic attractions. Which interests you?
19,user: The Avenues.
20,assistant: Hello! Looking for something specific?
20,user: Guided experiences in multiple TX cities.
20,assistant: Texas is big on Guided tours. Which cities?
20,"user: Austin, Houston, and Dallas."
20,assistant: Excellent trio. Want me to give you options across all three?
20,"user: Yeah, all three."
21,assistant: Hey! What adventure?
21,user: Art and Historical in IL.
21,assistant: Illinois combines both well. Chicago?
21,user: Yes Chicago.
21,assistant: Chicago's perfect. The Loop and Hyde Park are strong for both. Interested?
21,user: Loop please.
22,assistant: Good day! Need assistance?
22,user: Social attractions somewhere fun.
22,assistant: Where are you thinking?
22,user: Maybe FL?
22,"assistant: Florida's very social. Miami, Tampa, Orlando?"
22,user: Miami.
22,assistant: Miami's super social. South Beach or other neighborhoods?
22,"user: Tell me about South Beach... wait, do you have info on that?"
23,assistant: Welcome! What can I find for you?
23,user: Culinary spots in WA.
23,assistant: Washington has amazing food. Seattle?
23,user: Yeah and maybe Spokane.
23,assistant: Both have unique Culinary scenes. Want info on both cities?
23,user: Sure.
24,assistant: Hi there! Ready to explore?
24,user: I need Touristy and Scenic in CO.
24,"assistant: Colorado excels at both. Denver, Boulder, Colorado Springs?"
24,user: All three if possible.
24,assistant: Absolutely! I can cover all three cities. Want neighborhood details or city overviews?
24,user: City overviews.
25,assistant: Hello! What are you after?
25,user: Historical places in VA.
25,"assistant: Virginia's steeped in history. Richmond, Alexandria, Virginia Beach?"
25,user: Richmond.
25,assistant: Richmond has deep historical roots. Neighborhoods like The Fan or Church Hill?
25,user: What's in The Fan?
26,assistant: Hey! How can I help today?
26,user: Looking for Cultural and Guided in NY.
26,assistant: New York's amazing for both. NYC?
26,user: Yep.
26,"assistant: Which boroughs? Manhattan, Brooklyn, Queens?"
26,user: Manhattan and Brooklyn.
26,assistant: Perfect. Want neighborhood breakdowns or general borough info?
26,user: General borough info.
27,assistant: Good morning! What's the plan?
27,user: Scenic attractions in CA.
27,assistant: California's full of Scenic beauty. Which city?
27,user: Los Angeles.
27,"assistant: LA has diverse Scenic spots. Areas like Santa Monica, Venice, Hollywood?"
27,user: Santa Monica and Venice.
28,assistant: Hi! Need help finding something?
28,user: Art stuff in Georgia.
28,assistant: Georgia has a growing art scene. Atlanta?
28,user: Yeah Atlanta.
28,assistant: Atlanta's great for Art. Midtown or Virginia-Highland?
28,user: Midtown.
29,assistant: Hello there! What brings you in?
29,user: Sporting events in TX.
29,assistant: Texas loves sports! Which city?
29,user: Dallas.
29,assistant: Dallas has tons of Sporting options. City-wide or specific neighborhoods?
29,user: City-wide.
30,assistant: Hey! What do you need?
30,user: Culinary experiences in OR.
30,assistant: Oregon's food scene rocks. Portland?
30,user: Yes Portland.
30,assistant: Portland's Culinary capital. Downtown or neighborhoods like Hawthorne?
30,user: Both.
31,assistant: Greetings! How may I assist?
31,user: Social and Cultural in MA.
31,assistant: Massachusetts has both. Boston?
31,user: Yep.
31,"assistant: Boston's rich in Social and Cultural. Cambridge too, since it's connected. Interested?"
31,user: Just Boston.
32,assistant: Good afternoon! What adventure?
32,user: Historical and Touristy in PA.
32,assistant: Pennsylvania's got history. Philadelphia?
32,user: Yeah Philly.
32,"assistant: Philadelphia's perfect for both. Old City, Society Hill?"
32,user: Old City sounds good.
33,assistant: Hi! Looking for recommendations?
33,user: Guided tours in AZ.
33,"assistant: Arizona's great for tours. Phoenix, Tucson, Sedona area?"
33,user: Phoenix and Tucson.
33,assistant: Both cities have different Guided experiences. Want both?
33,user: Yeah.
34,assistant: Hello! What can I do for you?
34,user: Scenic and Art in WA.
34,assistant: Washington combines those nicely. Seattle?
34,user: Yes.
34,"assistant: Seattle's excellent. Capitol Hill, Ballard?"
34,user: Capitol Hill.
35,assistant: Hey there! Need help?
35,user: Cultural attractions in TN.
35,"assistant: Tennessee's culturally rich. Nashville, Memphis?"
35,user: Memphis.
35,assistant: Memphis has deep culture. Downtown or Midtown?
35,user: Downtown.
36,assistant: Welcome! What's your interest?
36,user: Touristy things in NV.
36,assistant: Nevada's touristy! Las Vegas?
36,user: Obviously.
36,assistant: Vegas is the tourist capital. Downtown or the Strip?
36,user: Both work.
37,assistant: Good day! How can I assist?
37,user: Culinary and Social in IL.
37,assistant: Illinois has great scenes. Chicago?
37,user: Yep Chicago.
37,assistant: Chicago excels at both. Which neighborhoods?
37,user: Surprise me with good ones.
38,assistant: Hi! What are you searching for?
38,user: Historical in MO.
38,assistant: Missouri has rich history. St. Louis or Kansas City?
38,user: St. Louis.
38,assistant: St. Louis is very historical. Downtown or Soulard?
38,user: Soulard.
39,assistant: Hello! Ready to plan?
39,user: Art and Guided in CA.
39,assistant: California's got both. San Francisco?
39,user: Yeah SF.
39,"assistant: SF's perfect. Fisherman's Wharf, Haight-Ashbury?"
39,user: Haight-Ashbury.
40,assistant: Hey! What do you need today?
40,user: Sporting and Social in FL.
40,"assistant: Florida's great for both. Miami, Tampa?"
40,user: Tampa.
40,assistant: Tampa's got good Sporting and Social. City-wide overview?
40,user: Yeah.
41,assistant: Greetings! How can I help?
41,user: Scenic places in NC.
41,"assistant: North Carolina's beautiful. Charlotte, Asheville area?"
41,user: Charlotte.
41,assistant: Charlotte has some Scenic spots. City-wide or neighborhoods?
41,user: City-wide.
42,assistant: Good morning! What's on your mind?
42,user: Cultural and Historical in GA.
42,assistant: Georgia combines those well. Savannah?
42,user: Yeah Savannah.
42,assistant: Savannah's packed with both. Historic District?
42,user: Perfect.
43,assistant: Hi there! Need recommendations?
43,user: Touristy and Culinary in NY.
43,assistant: New York's amazing for both. NYC?
43,user: Yes.
43,"assistant: Which areas? Manhattan, Brooklyn?"
43,user: Manhattan.
44,assistant: Hello! What can I find for you?
44,user: Guided experiences in CO.
44,assistant: Colorado's great for tours. Denver?
44,user: Yeah Denver.
44,assistant: Denver has variety. LoDo or other neighborhoods?
44,user: LoDo.
45,assistant: Hey! What adventure awaits?
45,user: Art galleries in OR.
45,assistant: Oregon's artsy. Portland?
45,user: Yep.
45,assistant: Portland's perfect. Pearl District?
45,user: Sure.
46,assistant: Welcome! How may I assist?
46,user: Social attractions in TX.
46,assistant: Texas is social. Austin?
46,user: Yeah Austin.
46,assistant: Austin's very social. Downtown or South Congress?
46,user: South Congress.
47,assistant: Good afternoon! What's the plan?
47,user: Historical and Scenic in VA.
47,assistant: Virginia has both. Richmond?
47,user: Yep.
47,assistant: Richmond's got history and views. Church Hill?
47,user: Yeah.
48,assistant: Hi! Looking for something?
48,user: Culinary stuff in WA.
48,assistant: Washington's food scene is great. Seattle or Spokane?
48,user: Seattle.
48,assistant: Seattle's Culinary capital. Ballard?
48,user: Works for me.
49,assistant: Hello there! Need assistance?
49,user: Sporting events in OH.
49,assistant: Ohio loves sports. Cleveland?
49,user: Yeah.
49,assistant: Cleveland's very Sporting. Downtown?
49,user: Sure.
50,assistant: Hey! What can I do for you?
50,user: Cultural and Art in MA.
50,assistant: Massachusetts has both. Boston?
50,user: Yeah Boston.
50,assistant: Boston's rich in both. Back Bay?
50,user: What's there?
50,assistant: Back Bay has museums and galleries. Interested?
50,user: Yes.
51,assistant: Greetings! How can I help today?
51,user: Touristy places in CA.
51,"assistant: California's very touristy. Los Angeles, San Francisco?"
51,user: LA.
51,assistant: LA's super touristy. Hollywood?
51,user: Yeah.
52,assistant: Good day! What adventure?
52,user: Guided tours in FL.
52,"assistant: Florida's tour-friendly. Miami, Orlando?"
52,user: Orlando.
52,assistant: Orlando's tour central. City-wide?
52,user: Yep.
53,assistant: Hi there! Ready to explore?
53,user: Scenic and Social in AZ.
53,assistant: Arizona's got both. Phoenix?
53,user: Yeah.
53,assistant: Phoenix works. City-wide info?
53,user: Sure.
54,assistant: Hello! What are you after?
54,user: Historical in IL.
54,assistant: Illinois has history. Chicago?
54,user: Yep.
54,assistant: Chicago's historical. Downtown?
54,user: Yeah.
55,assistant: Hey! Need recommendations?
55,user: Culinary and Cultural in TN.
55,assistant: Tennessee excels at both. Nashville?
55,user: Yeah Nashville.
55,assistant: Nashville's perfect. The Gulch?
55,user: What's The Gulch like?
56,assistant: Welcome! What's your interest?
56,user: Art and Scenic in CO.
56,assistant: Colorado combines those well. Denver or Boulder?
56,user: Boulder.
56,assistant: Boulder's artistic and scenic. City-wide?
56,user: Yeah.
57,assistant: Good morning! How can I assist?
57,user: Social and Sporting in TX.
57,assistant: Texas is big on both. Dallas or Houston?
57,user: Houston.
57,assistant: Houston's great. City-wide overview?
57,user: Perfect.
58,assistant: Hi! What do you need?
58,user: Touristy and Historical in PA.
58,assistant: Pennsylvania has both. Philadelphia?
58,user: Yeah Philly.
58,assistant: Philly's loaded with both. Center City?
58,user: Sure.
59,assistant: Hello there! Looking for something?
59,user: Guided and Scenic in WA.
59,assistant: Washington's perfect for both. Seattle?
59,user: Yep.
59,assistant: Seattle excels at both. Queen Anne?
59,user: What's in Queen Anne?
60,assistant: Hey! What's on your mind?
60,user: Cultural stuff in NC.
60,assistant: North Carolina's culturally rich. Raleigh or Durham?
60,user: Raleigh.
60,assistant: Raleigh's got culture. Downtown?
60,user: Yeah.
61,assistant: Greetings! Need help?
61,user: Culinary experiences in CA.
61,assistant: California's food mecca. San Diego?
61,user: Yeah SD.
61,assistant: San Diego's Culinary scene rocks. North Park?
61,user: Sure thing.
62,assistant: Good afternoon! What can I find?
62,user: Art and Historical in GA.
62,assistant: Georgia has both. Atlanta?
62,user: Yep.
62,assistant: Atlanta's strong in both. Midtown?
62,user: Yeah.
63,assistant: Hi there! What adventure?
63,user: Sporting and Social in FL.
63,assistant: Florida's perfect for both. Miami?
63,user: Yeah Miami.
63,assistant: Miami's great. Wynwood?
63,user: What's Wynwood about?
64,assistant: Hello! Ready to plan?
64,user: Scenic attractions in OR.
64,assistant: Oregon's beautiful. Portland?
64,user: Yep.
64,assistant: Portland's scenic. Specific neighborhoods?
64,"user: Nah, city-wide."
65,assistant: Hey there! How can I assist?
65,user: Touristy and Cultural in NY.
65,assistant: New York's amazing for both. NYC?
65,user: Yeah.
65,assistant: Which borough? Brooklyn?
65,user: Sure.
66,assistant: Welcome! What's the plan?
66,user: Historical and Guided in VA.
66,assistant: Virginia's historical. Alexandria?
66,user: Yeah Alexandria.
66,assistant: Alexandria's very historical. Old Town?
66,user: Perfect.
67,assistant: Good day! Need recommendations?
67,user: Culinary and Art in MA.
67,assistant: Massachusetts combines those nicely. Boston?
67,user: Yep.
67,assistant: Boston's great for both. North End?
67,user: Yeah.
68,assistant: Hi! What are you searching for?
68,user: Social attractions in OH.
68,assistant: Ohio's social. Columbus?
68,user: Yeah Columbus.
68,assistant: Columbus is social. German Village?
68,user: What's there?
69,assistant: Hello there! What brings you in?
69,user: Scenic and Touristy in CO.
69,assistant: Colorado's perfect for both. Colorado Springs?
69,user: Yeah.
69,assistant: Colorado Springs works. City-wide?
69,user: Yep.
70,assistant: Hey! What can I do?
70,user: Guided tours in TN.
70,assistant: Tennessee's tour-friendly. Memphis?
70,user: Yeah Memphis.
70,assistant: Memphis has good tours. Downtown?
70,user: Sure.
71,assistant: Greetings! How may I help?
71,user: Cultural and Scenic in AZ.
71,assistant: Arizona has both. Tucson?
71,user: Yep Tucson.
71,assistant: Tucson's culturally rich and scenic. Downtown?
71,user: Yeah.
72,assistant: Good morning! What's your interest?
72,user: Art galleries in IL.
72,assistant: Illinois has great art. Chicago?
72,user: Yeah Chicago.
72,assistant: Chicago's art capital. River North?
72,user: What's River North like?
73,assistant: Hi there! Need assistance?
73,user: Sporting events in TX.
73,assistant: Texas loves sports. San Antonio?
73,user: Yeah.
73,assistant: San Antonio's Sporting scene is good. City-wide?
73,user: Perfect.
74,assistant: Hello! Looking for recommendations?
74,user: Culinary and Historical in CA.
74,assistant: California has both. San Francisco?
74,user: Yeah SF.
74,assistant: SF's perfect for both. Fisherman's Wharf?
74,user: Sure thing.
75,assistant: Hey there! What adventure?
75,user: Social and Cultural in WA.
75,assistant: Washington's great for both. Seattle?
75,user: Yep.
75,assistant: Seattle excels at both. Fremont?
75,user: Yeah.
76,assistant: Welcome! How can I assist?
76,user: Touristy and Scenic in FL.
76,assistant: Florida combines those well. Tampa?
76,user: Yeah Tampa.
76,assistant: Tampa's got both. Ybor City?
76,user: What's in Ybor City?
77,assistant: Good afternoon! What's on your mind?
77,user: Historical places in NC.
77,assistant: North Carolina's historical. Charlotte?
77,user: Yeah Charlotte.
77,assistant: Charlotte has history. NoDa?
77,user: Sure.
78,assistant: Hi! What can I find for you?
78,user: Guided and Art in OR.
78,assistant: Oregon's perfect for both. Portland?
78,user: Yep.
78,assistant: Portland's great. Alberta Arts District?
78,user: Yeah.
79,assistant: Hello there! Ready to explore?
79,user: Culinary stuff in GA.
79,assistant: Georgia's food scene is amazing. Atlanta?
79,user: Yeah Atlanta.
79,assistant: Atlanta's Culinary capital. Buckhead?
79,user: What's there?
80,assistant: Hey! What do you need today?
80,user: Scenic and Social in NY.
80,assistant: New York has both. NYC?
80,user: Yeah.
80,assistant: Which area? Queens?
80,user: Sure Queens.
81,assistant: Greetings! How may I assist?
81,user: Cultural and Sporting in MA.
81,assistant: Massachusetts has both. Boston?
81,user: Yep Boston.
81,assistant: Boston's great for both. Fenway-Kenmore?
81,user: Perfect.
82,assistant: Good day! What adventure awaits?
82,user: Art and Touristy in CO.
82,assistant: Colorado combines those. Denver?
82,user: Yeah Denver.
82,assistant: Denver's artistic and touristy. Capitol Hill?
82,user: Yeah.
83,assistant: Hi there! Need help?
83,user: Historical and Social in VA.
83,assistant: Virginia's got both. Richmond?
83,user: Yep.
83,assistant: Richmond works. Downtown?
83,user: Sure.
84,assistant: Hello! What's your plan?
84,user: Guided tours in OH.
84,assistant: Ohio's tour-friendly. Cincinnati?
84,user: Yeah Cincinnati.
84,assistant: Cincinnati has variety. Over-the-Rhine?
84,user: What's that neighborhood like?
85,assistant: Hey there! Looking for something?
85,user: Culinary and Scenic in AZ.
85,assistant: Arizona has both. Phoenix?
85,user: Yeah Phoenix.
85,assistant: Phoenix is great. City-wide info?
85,user: Yep.
86,assistant: Welcome! What brings you in?
86,user: Social and Art in TN.
86,assistant: Tennessee's got both. Nashville?
86,user: Yeah Nashville.
86,assistant: Nashville's perfect. East Nashville?
86,user: Sure thing.
87,assistant: Good morning! How can I help?
87,user: Touristy places in IL.
87,assistant: Illinois is touristy. Chicago?
87,user: Yep Chicago.
87,assistant: Chicago's very touristy. Magnificent Mile?
87,user: Yeah.
88,assistant: Hi! What are you after?
88,user: Historical and Culinary in PA.
88,assistant: Pennsylvania excels at both. Philadelphia?
88,user: Yeah Philly.
88,assistant: Philly's perfect for both. South Street?
88,user: What's on South Street?
89,assistant: Hello there! Need recommendations?
89,user: Scenic attractions in WA.
89,assistant: Washington's scenic. Spokane?
89,user: Yeah Spokane.
89,assistant: Spokane's got views. Downtown?
89,user: Sure.
90,assistant: Hey! What can I do for you?
90,user: Cultural and Guided in CA.
90,assistant: California's great for both. Los Angeles?
90,user: Yeah LA.
90,assistant: LA's perfect. Downtown LA?
90,user: Yeah.
91,assistant: Greetings! What's your interest?
91,user: Sporting and Touristy in FL.
91,assistant: Florida combines those well. Orlando?
91,user: Yeah Orlando.
91,assistant: Orlando's sports and tourism hub. City-wide?
91,user: Perfect.
92,assistant: Good afternoon! Ready to plan?
92,user: Art and Social in NC.
92,assistant: North Carolina has both. Durham?
92,user: Yeah Durham.
92,assistant: Durham's artsy and social. Downtown?
92,user: Yep.
93,assistant: Hi there! What adventure?
93,user: Culinary experiences in OR.
93,assistant: Oregon's food scene rocks. Eugene?
93,user: Yeah Eugene.
93,assistant: Eugene's got good food. Downtown?
93,user: Sure thing.
94,assistant: Hello! How may I assist?
94,user: Historical and Scenic in GA.
94,assistant: Georgia has both. Savannah?
94,user: Yeah Savannah.
94,assistant: Savannah's historical and beautiful. Historic District?
94,user: Perfect.
95,assistant: Hey there! What do you need?
95,user: Guided and Cultural in TX.
95,assistant: Texas is great for both. Austin?
95,user: Yeah Austin.
95,assistant: Austin's perfect. Downtown Austin?
95,user: Yeah.
96,assistant: Welcome! Looking for recommendations?
96,user: Social and Scenic in CO.
96,assistant: Colorado combines those nicely. Boulder?
96,user: Yeah Boulder.
96,assistant: Boulder's social and scenic. City-wide?
96,user: Yep.
97,assistant: Good day! What's on your mind?
97,user: Touristy and Art in NY.
97,assistant: New York's amazing for both. NYC?
97,user: Yeah.
97,assistant: Which borough? Manhattan?
97,user: Sure Manhattan.
98,assistant: Hi! Need assistance?
98,user: Culinary and Sporting in MA.
98,assistant: Massachusetts has both. Boston?
98,user: Yep Boston.
98,assistant: Boston's great for both. Seaport?
98,user: What's in Seaport?
99,assistant: Hello there! What brings you here?
99,user: Historical places in OH.
99,assistant: Ohio's historical. Cleveland?
99,user: Yeah Cleveland.
99,assistant: Cleveland's got history. Downtown?
99,user: Yeah.
100,assistant: Hey! Ready to explore?
100,user: Scenic and Cultural in AZ.
100,assistant: Arizona's perfect for both. Sedona area?
100,user: Actually just Phoenix.
100,assistant: Phoenix works too. City-wide overview?
100,user: Perfect.
101,assistant: Greetings! What can I find?
101,user: Guided tours in VA.
101,assistant: Virginia's tour-friendly. Virginia Beach?
101,user: Yeah.
101,assistant: Virginia Beach has tours. Oceanfront?
101,user: Sure thing.
102,assistant: Good morning! How can I assist?
102,user: Art and Culinary in WA.
102,assistant: Washington excels at both. Seattle?
102,user: Yep Seattle.
102,assistant: Seattle's perfect. Pike Place area?
102,user: Yeah.
103,assistant: Hi! What can I help you with today?
103,user: I need some attraction ideas in TX.
103,assistant: Texas is huge! What kind of experiences are you drawn to?
103,user: Maybe something Historical or Cultural?
103,"assistant: Great choices. Are you visiting a particular city, or exploring multiple areas?"
103,user: I'll be in Houston and Austin.
103,"assistant: Perfect, both cities have rich Historical and Cultural scenes. Let me find some options for you."
103,user: Thanks!
104,assistant: Hello! Looking to explore somewhere new?
104,"user: Yes, I want Sporting attractions in FL."
104,assistant: Florida has tons of options. Any specific sport or activity in mind?
104,"user: Not really, just active stuff."
104,assistant: Got it. Are you targeting a specific city or just exploring the state?
104,user: Probably Miami area.
105,assistant: Hey there! What brings you in?
105,user: I'm curious about Art galleries in New York.
105,assistant: New York City has incredible Art scenes. Which borough are you interested in?
105,"user: Manhattan, I think."
105,assistant: Manhattan has several great neighborhoods for Art. Want to explore a specific area like SoHo or Chelsea?
105,user: Chelsea sounds interesting.
105,assistant: Excellent choice. I'll pull up some recommendations for you.
105,user: Perfect.
106,assistant: Good day! How may I assist?
106,user: Looking for Culinary spots in CA.
106,"assistant: California is amazing for food. Are you interested in fine dining, street food, or something else?"
106,"user: A mix of everything, honestly."
106,assistant: Nice! Which part of California will you be visiting?
106,user: San Francisco and Los Angeles.
106,assistant: Both cities are culinary powerhouses. Let me gather some diverse options.
106,user: Appreciate it!
107,assistant: Welcome! What are you searching for?
107,user: Scenic places in CO.
107,"assistant: Colorado has stunning landscapes. Are you thinking mountains, parks, or urban scenic spots?"
107,user: Mountains for sure.
107,assistant: Beautiful. Denver area or elsewhere in the state?
107,user: I'm open to anywhere.
108,assistant: Hi! Need help planning something?
108,"user: Yeah, I want Touristy things in Seattle."
108,assistant: Seattle's got plenty. First time visiting?
108,"user: Yep, first time."
108,"assistant: Awesome! Are you interested in iconic landmarks, markets, or waterfront areas?"
108,"user: All of it, really."
108,assistant: Perfect. I can show you the must-sees around downtown and Pike Place.
108,user: Great!
109,assistant: Hello! What's on your mind?
109,user: I need Guided tours in MA.
109,assistant: Massachusetts has excellent Guided experiences. Are you focused on Boston or exploring other areas?
109,user: Just Boston.
109,"assistant: Boston is perfect for that. What interests you—history, architecture, food tours?"
109,user: History for sure.
110,assistant: Hey! How can I help?
110,user: Social attractions in Nashville?
110,"assistant: Nashville is super social! Are you into live music, bars, or community events?"
110,user: Live music mainly.
110,assistant: You're in the right city. Downtown or specific neighborhoods?
110,user: Downtown Nashville.
111,assistant: Good afternoon! What can I do for you?
111,user: I want to explore Historical sites in VA.
111,"assistant: Virginia is rich in history. Any particular era or type—colonial, Civil War, presidential homes?"
111,user: Colonial era.
111,assistant: Excellent. Are you visiting specific cities like Richmond or Williamsburg?
111,user: Williamsburg sounds perfect.
112,assistant: Hi there! What are you looking for today?
112,user: Culinary and Art attractions in Chicago.
112,"assistant: Chicago excels at both! Which do you want to prioritize, or explore equally?"
112,"user: Equally, I think."
112,assistant: Great. Any neighborhoods you're already planning to visit?
112,user: The Loop and Wicker Park.
113,assistant: Hello! Ready to discover something new?
113,user: Yes! Scenic drives in AZ.
113,assistant: Arizona has incredible scenic routes. Are you interested in desert landscapes or mountain areas?
113,user: Desert landscapes.
113,assistant: Perfect. Will you be based in Phoenix or exploring further?
113,user: Phoenix area.
113,assistant: Got it. I'll find some stunning desert drives for you.
113,user: Thanks!
114,assistant: Hey! What's up?
114,user: Need Cultural attractions in NM.
114,"assistant: New Mexico has a unique cultural heritage. Interested in Native American sites, Spanish colonial, or contemporary culture?"
114,user: All of it.
114,assistant: Wonderful. Albuquerque or Santa Fe?
114,user: Both cities.
115,assistant: Good morning! How can I assist?
115,user: I'm looking for Sporting events in PA.
115,assistant: Pennsylvania has great sports culture. Which sports are you interested in?
115,user: Football and hockey.
115,assistant: Excellent choices. Philadelphia or Pittsburgh?
115,user: Pittsburgh.
116,assistant: Hi! What brings you here?
116,user: I want Art and Historical stuff in DC.
116,assistant: Washington DC is perfect for that combination. How much time do you have?
116,user: Just a weekend.
116,"assistant: Okay, we'll focus on the highlights. Any specific neighborhoods or areas?"
116,user: Around the National Mall.
117,assistant: Hello! Need travel inspiration?
117,"user: Yes, Touristy attractions in Las Vegas."
117,"assistant: Vegas has plenty beyond the casinos. Are you interested in shows, landmarks, or outdoor activities?"
117,user: Shows and landmarks.
117,assistant: Great. Staying on the Strip or exploring other areas too?
117,user: Mainly the Strip.
118,assistant: Hey there! What can I help with?
118,user: Guided nature tours in OR.
118,"assistant: Oregon's nature is spectacular. Coastal, forest, or mountain tours?"
118,user: Forest tours.
118,assistant: Beautiful choice. Portland area or further into the state?
118,user: Anywhere is fine.
118,assistant: Perfect. I'll find some amazing forest tour options for you.
118,user: Awesome!
119,assistant: Good day! What are you searching for?
119,user: Social events in Austin.
119,"assistant: Austin is incredibly social! Music, food festivals, or community gatherings?"
119,user: Music events.
119,assistant: You're in the right place. Sixth Street or East Austin?
119,user: East Austin sounds cool.
120,assistant: Hi! How may I help you?
120,user: I need Culinary experiences in New Orleans.
120,"assistant: New Orleans is a food lover's paradise. Creole, Cajun, or a mix?"
120,user: A mix of both.
120,assistant: Perfect. French Quarter or exploring other neighborhoods too?
120,user: I want to see it all.
121,assistant: Hello! What's your plan?
121,user: Scenic spots in Hawaii.
121,assistant: Which island are you visiting?
121,user: Oahu.
121,"assistant: Oahu has incredible scenery. Beaches, mountains, or historic sites with views?"
121,user: Mountains and beaches.
122,assistant: Hey! Need some help?
122,"user: Yeah, Historical attractions in Savannah."
122,"assistant: Savannah is dripping with history. Are you interested in architecture, museums, or historic homes?"
122,user: Architecture mainly.
122,assistant: Excellent. The Historic District is perfect for that.
122,user: Sounds good.
123,assistant: Good afternoon! What can I do for you?
123,user: Art galleries in LA.
123,"assistant: Los Angeles has a vibrant Art scene. Contemporary, classical, or street art?"
123,user: Contemporary.
123,assistant: Great! Downtown Arts District or West Hollywood?
123,user: Downtown Arts District.
124,assistant: Hi there! Looking for something specific?
124,user: Cultural and Culinary in San Antonio.
124,assistant: San Antonio blends both beautifully. Are you interested in Tex-Mex culture specifically?
124,"user: Yes, exactly that."
124,assistant: Perfect. Downtown or the Pearl District?
124,user: Pearl District.
125,assistant: Hello! What brings you in today?
125,user: Sporting attractions in Boston.
125,assistant: Boston's sports culture is legendary. Which sports interest you?
125,user: Baseball and basketball.
125,assistant: Fenway and TD Garden then. Need help with anything else around those areas?
125,"user: No, that's perfect."
126,assistant: Hey! How can I assist?
126,user: Touristy things to do in San Diego.
126,"assistant: San Diego has great tourist spots. Beaches, downtown, or theme parks?"
126,user: Beaches and downtown.
126,assistant: Excellent combination. Gaslamp Quarter and La Jolla?
126,"user: Yes, exactly!"
127,assistant: Good morning! What do you need?
127,user: Guided food tours in Portland.
127,assistant: Portland has amazing food tours. What cuisine types interest you?
127,user: Local and artisanal.
127,assistant: Perfect fit for Portland. Downtown or East Side?
127,user: East Side.
128,assistant: Hi! Ready to explore?
128,user: Yes! Scenic and Historical in Charleston.
128,assistant: Charleston is beautiful for both. Interested in antebellum architecture and waterfront views?
128,user: Absolutely.
128,assistant: The Historic District covers both perfectly.
128,user: Great!
129,assistant: Hello! What are you planning?
129,user: Social nightlife in Miami.
129,assistant: Miami's nightlife is incredible. South Beach or Wynwood?
129,user: Wynwood.
129,assistant: Excellent choice—great art and social scene there.
129,user: Perfect.
130,assistant: Hey there! Need assistance?
130,user: Culinary spots in Phoenix.
130,assistant: Phoenix has a growing food scene. Any specific cuisine?
130,user: Southwestern and Mexican.
130,assistant: Great choices. Downtown or Scottsdale?
130,user: Downtown Phoenix.
131,assistant: Good day! What can I help with?
131,user: Art and Cultural in Santa Fe.
131,"assistant: Santa Fe is perfect for both. Galleries, museums, or Native art markets?"
131,user: All of them.
131,assistant: Wonderful. You'll love the Plaza area.
131,user: Thanks!
132,assistant: Hi! What's your interest?
132,user: Historical sites in Philadelphia.
132,assistant: Philly is history central. Revolutionary War sites or general colonial history?
132,user: Revolutionary War.
132,assistant: Perfect. Independence Hall area then?
132,"user: Yes, exactly."
133,assistant: Hello! How may I assist you?
133,user: Scenic hikes in Denver.
133,assistant: Denver has great hiking access. Easy trails or challenging climbs?
133,user: Moderate difficulty.
133,assistant: Red Rocks area or further into the mountains?
133,user: Red Rocks sounds good.
134,assistant: Hey! What brings you here?
134,user: Touristy attractions in Honolulu.
134,assistant: Honolulu has classic Hawaiian experiences. Waikiki or exploring beyond?
134,user: Beyond Waikiki.
134,assistant: Great! North Shore or East Oahu?
134,user: North Shore.
135,assistant: Good afternoon! Need help planning?
135,"user: Yes, Guided brewery tours in Milwaukee."
135,assistant: Milwaukee is perfect for that! Historic breweries or craft scene?
135,user: Both.
135,assistant: Excellent. Downtown area works for both.
135,user: Perfect!
136,assistant: Hi there! What are you looking for?
136,user: Social and Culinary in Minneapolis.
136,assistant: Minneapolis has a great combo of both. Uptown or Northeast?
136,user: Uptown.
136,assistant: Perfect neighborhood for dining and socializing.
136,user: Sounds great!
137,assistant: Hello! What can I do for you?
137,user: Art museums in Detroit.
137,assistant: Detroit has impressive art institutions. DIA or contemporary galleries?
137,user: DIA primarily.
137,assistant: Great choice—Midtown area.
137,user: Thanks!
138,assistant: Hey! How can I help?
138,user: Cultural attractions in Albuquerque.
138,assistant: Albuquerque has rich cultural heritage. Native American or Spanish colonial focus?
138,user: Native American.
138,assistant: Perfect. Old Town area has excellent options.
138,user: Great!
139,assistant: Good morning! What's your plan?
139,user: Scenic drives in Utah.
139,assistant: Utah has stunning scenic drives. Which part of the state?
139,user: Southern Utah.
139,assistant: Perfect—near national parks or specifically elsewhere?
139,user: Near the parks.
140,assistant: Hi! What do you need?
140,user: Sporting events in Dallas.
140,"assistant: Dallas has major sports. Football, basketball, or hockey?"
140,user: Football.
140,assistant: Cowboys games! AT&T Stadium area.
140,user: Yes!
141,assistant: Hello! Looking for something?
141,user: Touristy landmarks in St. Louis.
141,assistant: St. Louis has iconic spots. Gateway Arch area or broader?
141,user: Broader exploration.
141,"assistant: I'll include Arch, Forest Park, and historic neighborhoods."
141,user: Perfect!
142,assistant: Hey there! What brings you in?
142,user: Guided ghost tours in New Orleans.
142,assistant: New Orleans has famous ghost tours! French Quarter or Garden District?
142,user: French Quarter.
142,assistant: Classic choice—very haunted!
142,user: Exactly what I want!
143,assistant: Good day! How can I assist?
143,user: Culinary markets in Seattle.
143,"assistant: Pike Place is the obvious choice, but want others too?"
143,"user: Yes, beyond Pike Place."
143,assistant: Ballard and Capitol Hill have great markets.
143,user: Perfect!
144,assistant: Hi! What are you searching for?
144,user: Art and Scenic in San Francisco.
144,assistant: SF has both in abundance. Golden Gate area or city neighborhoods?
144,user: City neighborhoods.
144,assistant: Mission District and Hayes Valley are excellent.
144,user: Great!
145,assistant: Hello! Need travel ideas?
145,"user: Yes, Historical and Cultural in Richmond."
145,assistant: Richmond has deep history. Civil War era or broader?
145,user: Civil War primarily.
145,assistant: Perfect—lots of sites downtown.
145,user: Thanks!
146,assistant: Hey! What can I help with?
146,user: Social breweries in Asheville.
146,assistant: Asheville is brewery heaven! Downtown or River Arts District?
146,user: River Arts District.
146,assistant: Excellent choice for artsy breweries.
146,user: Perfect!
147,assistant: Good afternoon! What's up?
147,user: Scenic parks in Atlanta.
147,assistant: Atlanta has beautiful parks. Piedmont or exploring others?
147,user: Others too.
147,"assistant: I'll include Piedmont, Grant Park, and Westside Trail."
147,user: Great!
148,assistant: Hi there! How may I help?
148,user: Touristy and Culinary in Key West.
148,assistant: Key West is perfect for both! Duval Street area?
148,"user: Yes, and nearby."
148,assistant: Perfect—that's the heart of it all.
148,user: Excellent!
149,assistant: Hello! What brings you here?
149,user: Guided architecture tours in Chicago.
149,assistant: Chicago has world-class architecture tours. River or walking tours?
149,user: River tours.
149,assistant: Excellent choice—best views of the buildings.
149,user: Thanks!
150,assistant: Hey! Need assistance?
150,user: Art galleries in Santa Monica.
150,assistant: Santa Monica has nice galleries. Bergamot Station or Montana Avenue?
150,user: Bergamot Station.
150,assistant: Great—that's the main arts complex.
150,user: Perfect!
151,assistant: Good morning! What can I do?
151,user: Cultural festivals in San Jose.
151,assistant: San Jose has diverse cultural events. Any specific culture or time of year?
151,user: Latino culture.
151,assistant: Cinco de Mayo and other events downtown.
151,user: Great!
152,assistant: Hi! What are you planning?
152,user: Sporting stadiums tour in New York.
152,assistant: NYC has iconic sports venues. Which sports interest you?
152,user: Baseball and basketball.
152,assistant: Yankee Stadium and MSG then!
152,user: Yes!
153,assistant: Hello! Looking for ideas?
153,user: Scenic waterfalls in Oregon.
153,assistant: Oregon has stunning waterfalls. Columbia River Gorge?
153,"user: Yes, exactly."
153,assistant: Perfect—dozens of falls there.
153,user: Awesome!
154,assistant: Hey there! What do you need?
154,user: Touristy beaches in Tampa.
154,assistant: Tampa area has beautiful beaches. Clearwater or St. Pete?
154,user: Clearwater Beach.
154,assistant: Classic choice—gorgeous spot!
154,user: Thanks!
155,assistant: Good day! How can I help?
155,user: Guided wine tours in Napa.
155,assistant: Napa is wine country! Multi-winery tours or specific wineries?
155,user: Multi-winery.
155,assistant: Perfect—I'll find some tour options.
155,user: Great!
156,assistant: Hi! What brings you in?
156,user: Social music venues in Nashville.
156,assistant: Nashville is Music City! Honky-tonks or concert halls?
156,user: Honky-tonks.
156,assistant: Broadway Street is your destination!
156,user: Perfect!
157,assistant: Hello! Need planning help?
157,"user: Yes, Art and Historical in Boston."
157,assistant: Boston excels at both. Freedom Trail plus museums?
157,user: Exactly.
157,assistant: Perfect combination of both interests.
157,user: Thanks!
158,assistant: Hey! What can I assist with?
158,user: Culinary pizza in New Haven.
158,assistant: New Haven has legendary pizza! Modern or Frank Pepe's?
158,user: Both!
158,assistant: Excellent—the classic rivalry!
158,user: Can't wait!
159,assistant: Good afternoon! What's your interest?
159,user: Scenic lighthouse tours in Maine.
159,assistant: Maine has beautiful lighthouses. Coastal route or specific area?
159,user: Coastal route.
159,assistant: Perfect—Portland Head and beyond.
159,user: Sounds great!
160,assistant: Hi there! How may I help you?
160,user: Cultural music in Memphis.
160,assistant: Memphis is soul and blues central. Beale Street?
160,"user: Yes, and museums."
160,assistant: Perfect—Beale plus Stax Museum.
160,user: Excellent!
161,assistant: Hello! What are you looking for?
161,user: Sporting racing in Indianapolis.
161,assistant: Indy is racing capital! The Speedway?
161,"user: Yes, tours and museum."
161,assistant: Perfect—both available there.
161,user: Great!
162,assistant: Hey! What brings you here?
162,user: Touristy casinos in Atlantic City.
162,assistant: AC has the boardwalk casinos. Specific preferences?
162,user: Just the classic experience.
162,assistant: Boardwalk is perfect for that.
162,user: Thanks!
163,assistant: Good morning! Need help?
163,"user: Yes, Guided cave tours in Kentucky."
163,assistant: Kentucky has Mammoth Cave. Is that your target?
163,"user: Yes, exactly."
163,assistant: Perfect—world's longest cave system.
163,user: Amazing!
164,assistant: Hi! What can I do for you?
164,user: Art street murals in Miami.
164,assistant: Wynwood Walls is the spot! Just that area?
164,user: And surrounding streets.
164,assistant: Perfect—whole district is art.
164,user: Great!
165,assistant: Hello! What's your plan?
165,user: Culinary BBQ in Kansas City.
165,assistant: KC is BBQ heaven! Any specific style?
165,user: All the classics.
165,assistant: Perfect—I'll show you the legends.
165,user: Can't wait!
166,assistant: Hey there! How can I assist?
166,user: Social rooftop bars in Denver.
166,assistant: Denver has great rooftops. LoDo area?
166,"user: Yes, walkable distance."
166,assistant: Perfect—several options there.
166,user: Excellent!
167,assistant: Good day! What do you need?
167,user: Scenic canyon views in Arizona.
167,assistant: Grand Canyon or other canyons too?
167,user: Others too.
167,assistant: I'll include Antelope and Sedona.
167,user: Perfect!
168,assistant: Hi! What brings you in?
168,user: Historical colonial sites in Virginia.
168,assistant: Williamsburg or broader?
168,user: Broader—multiple cities.
168,assistant: I'll include Jamestown and Yorktown too.
168,user: Great!
169,assistant: Hello! Looking for something?
169,user: Touristy theme parks in Orlando.
169,"assistant: Orlando has them all. Disney, Universal, or both?"
169,user: Both.
169,assistant: Perfect—plan for multiple days!
169,user: Definitely!
170,assistant: Hey! What can I help with?
170,user: Guided fishing in Alaska.
170,"assistant: Alaska has world-class fishing. Which type—salmon, halibut?"
170,user: Salmon.
170,assistant: Perfect—I'll find guide services.
170,user: Thanks!
171,assistant: Good afternoon! What's up?
171,user: Art contemporary in Houston.
171,assistant: Houston has growing contemporary scene. Museums or galleries?
171,user: Both.
171,assistant: Perfect—Menil and surrounding galleries.
171,user: Great!
172,assistant: Hi there! Need assistance?
172,"user: Yes, Cultural jazz in New Orleans."
172,assistant: New Orleans invented jazz! Frenchmen Street?
172,"user: Yes, live venues."
172,assistant: Perfect—that's the spot.
172,user: Excellent!
173,assistant: Hello! How may I help?
173,user: Sporting football in Green Bay.
173,assistant: Lambeau Field is iconic! Stadium tour?
173,"user: Yes, and Hall of Fame."
173,assistant: Perfect combination!
173,user: Thanks!
174,assistant: Hey! What are you planning?
174,user: Scenic mountain drives in Colorado.
174,assistant: Which mountain range interests you?
174,user: Rockies near Denver.
174,assistant: Perfect—I'll find some routes.
174,user: Great!
175,assistant: Good morning! What can I do?
175,user: Culinary seafood in Baltimore.
175,assistant: Baltimore is famous for crabs! Inner Harbor area?
175,"user: Yes, and Fell's Point."
175,assistant: Perfect—both have great options.
175,user: Excellent!
176,assistant: Hi! What brings you here?
176,user: Touristy monuments in DC.
176,assistant: National Mall has them all. Walking tour?
176,"user: Yes, self-guided."
176,assistant: Perfect—easy to navigate.
176,user: Thanks!
177,assistant: Hello! Need travel ideas?
177,"user: Yes, Guided nature in Yellowstone."
177,assistant: Yellowstone has amazing guided tours. Wildlife focus?
177,"user: Yes, and geothermal."
177,assistant: Perfect combination there.
177,user: Great!
178,assistant: Hey there! What can I help with?
178,user: Social comedy clubs in LA.
178,assistant: LA has legendary comedy. The Comedy Store?
178,"user: Yes, and similar venues."
178,assistant: Perfect—Sunset Strip area.
178,user: Excellent!
179,assistant: Good day! What do you need?
179,user: Art museums in Philadelphia.
179,assistant: Philly has excellent museums. The Barnes or PMA?
179,user: Both.
179,assistant: Perfect—plan a full day!
179,user: Will do!
180,assistant: Hi! What's your interest?
180,user: Cultural Native American in Santa Fe.
180,assistant: Santa Fe has deep Native heritage. Museums or markets?
180,user: Both.
180,assistant: Perfect—Plaza area has both.
180,user: Great!
181,assistant: Hello! How can I assist?
181,user: Sporting basketball in Los Angeles.
181,assistant: Lakers or Clippers?
181,user: Lakers.
181,assistant: Crypto.com Arena downtown.
181,user: Perfect!
182,assistant: Hey! What brings you in?
182,user: Scenic coastal drives in California.
182,assistant: PCH is classic. Which section—Big Sur?
182,"user: Yes, exactly."
182,assistant: Most beautiful stretch!
182,user: Can't wait!
183,assistant: Good afternoon! Need help?
183,"user: Yes, Touristy landmarks in San Francisco."
183,"assistant: Golden Gate, Alcatraz, or both?"
183,user: Both plus Fisherman's Wharf.
183,assistant: Perfect tourist combination!
183,user: Thanks!
184,assistant: Hi there! What can I do?
184,user: Culinary coffee in Portland.
184,assistant: Portland is coffee paradise! Third-wave shops?
184,"user: Yes, the best ones."
184,assistant: Perfect—several great neighborhoods.
184,user: Excellent!
185,assistant: Hello! What are you looking for?
185,user: Guided history in Gettysburg.
185,assistant: Battlefield tours are incredible there. Licensed guide?
185,"user: Yes, professional tour."
185,assistant: Perfect—very informative.
185,user: Great!
186,assistant: Hey! How may I help?
186,user: Social nightlife in Las Vegas.
186,assistant: Vegas nightlife is legendary! Clubs or shows?
186,user: Clubs.
186,assistant: Strip has the biggest ones.
186,user: Perfect!
187,assistant: Good morning! What's your plan?
187,user: Art galleries in New York.
187,assistant: Chelsea or SoHo?
187,user: Chelsea.
187,assistant: Perfect—highest concentration there.
187,user: Thanks!
188,assistant: Hi! What brings you here?
188,user: Cultural museums in Chicago.
188,assistant: Chicago has world-class museums. Which interest you?
188,user: Natural history and art.
188,assistant: Field Museum and Art Institute then!
188,user: Perfect!
189,assistant: Hello! Need assistance?
189,"user: Yes, Sporting hockey in Detroit."
189,assistant: Red Wings! Little Caesars Arena?
189,"user: Yes, game experience."
189,assistant: Perfect—great atmosphere.
189,user: Excellent!
190,assistant: Hey there! What can I help with?
190,user: Scenic national parks in Utah.
190,assistant: Utah has five major parks. Which ones?
190,user: All of them.
190,assistant: Mighty Five road trip!
190,user: Exactly!
191,assistant: Good day! What do you need?
191,user: Touristy beaches in Hawaii.
191,assistant: Which island are you visiting?
191,user: Maui.
191,assistant: Perfect—stunning beaches there.
191,user: Can't wait!
192,assistant: Hi! What's your interest?
192,user: Culinary food trucks in Austin.
192,assistant: Austin has amazing food trucks! Any cuisine preference?
192,user: BBQ and tacos.
192,assistant: Perfect—you'll find plenty.
192,user: Great!
193,assistant: Hello! How can I assist you?
193,user: Guided ghost tours in Savannah.
193,assistant: Savannah is very haunted! Evening tours?
193,"user: Yes, spooky ones."
193,assistant: Perfect—several great options.
193,user: Excellent!
194,assistant: Hey! What brings you in?
194,user: Social wine bars in Seattle.
194,assistant: Seattle has great wine bars. Capitol Hill?
194,"user: Yes, that area."
194,assistant: Perfect neighborhood for that.
194,user: Thanks!
195,assistant: Good afternoon! Need help?
195,"user: Yes, Art street art in LA."
195,assistant: Arts District or Melrose?
195,user: Arts District.
195,assistant: Perfect—best concentration there.
195,user: Great!
196,assistant: Hi there! What can I do?
196,user: Cultural heritage sites in Boston.
196,assistant: Freedom Trail covers many. Following the trail?
196,"user: Yes, the whole thing."
196,assistant: Perfect—great way to see it all.
196,user: Excellent!
197,assistant: Hello! What are you planning?
197,user: Sporting baseball in San Francisco.
197,assistant: Giants at Oracle Park! Game or tour?
197,user: Game experience.
197,assistant: Perfect—beautiful ballpark.
197,user: Can't wait!
198,assistant: Hey! How may I help you?
198,user: Scenic waterfalls in Hawaii.
198,assistant: Which island?
198,user: Big Island.
198,assistant: Rainbow Falls and Akaka Falls!
198,user: Perfect!
199,assistant: Good morning! What's up?
199,user: Touristy markets in Istanbul.
199,assistant: Grand Bazaar is essential. Just that or others?
199,user: Others too please.
199,assistant: I'll add Spice Bazaar and local markets.
199,"user: Great, thanks!"
